0,1,2,3,4
Best of Electronics,https://rukminim1.flixcart.com/image/200/200/kuczmvk0/cases-covers/back-cover/w/w/t/m-12954-colorcase-original-imag7g7knnn66wdh.jpeg?q=70,Plain Cases &amp; Covers,Under ₹169,For All Top Models
Best of Electronics,https://rukminim1.flixcart.com/image/200/200/printer/j/j/y/hp-laserjet-m1005-multifunction-original-imadxhzpeb9qbrfg.jpeg?q=70,Printers,From ₹3999,HP
Best of Electronics,https://rukminim1.flixcart.com/image/200/200/l12h1u80/cases-covers/back-cover/v/7/9/sgf235g-pat367-my-thing-original-imagcprak4yhdbh5.jpeg?q=70,Designer Cases &amp; Covers,Just ₹169,For Top Models
Best of Electronics,https://rukminim1.flixcart.com/image/200/200/k3q76a80/camera/x/u/e/sony-apsc-ilce-6100y-b-in5-mirrorless-original-imafm6msr4fghzfw.jpeg?q=70,Top Mirrorless Cameras,Shop Now!,"Canon, Sony, Fujifilm..."
Best of Electronics,https://rukminim1.flixcart.com/image/200/200/l5ld8y80/monitor/l/k/s/-original-imagg897ufhyvwqq.jpeg?q=70,Monitors,From ₹9999,SAMSUNG
Best of Electronics,https://rukminim1.flixcart.com/image/200/200/kzhbfrk0/power-bank/h/2/4/power-bank-dx09-20000-mah-20000-dx09-20k-callmate-original-imagbhec5wmkzzca.jpeg?q=70,Premium PowerBanks,Shop Now,"Mi, realme &amp; more"
Best of Electronics,https://rukminim1.flixcart.com/image/200/200/kmp7ngw0/monitor/j/z/h/s2721hn-27-py0df-dell-original-imagfjphuywuh2a7.jpeg?q=70,Monitor,From ₹8279,DELL
Best of Electronics,https://rukminim1.flixcart.com/image/200/200/kfmv9u80/monitor/9/n/v/ha220q-um-ww0si-a01-acer-original-imafwfjq3gzgjvz5.jpeg?q=70,Monitors,From ₹6599,acer
"Beauty, Food, Toys &amp; more",https://rukminim1.flixcart.com/image/200/200/kzegk280/action-figure/9/v/t/3-30155-mcfarlane-2-5-original-imagbeyyzehpyk2m.jpeg?q=70,Tricycles &amp; Rideons,Up to 70% Off,"Figurines, Battle Toys &amp; more"
"Beauty, Food, Toys &amp; more",https://rukminim1.flixcart.com/image/200/200/krtjgcw0/headphone/d/9/g/au-mh501-maono-original-imag5j35rffkwpac.jpeg?q=70,Studio Headphones,Up to 80% off,Explore Now!
"Beauty, Food, Toys &amp; more",https://rukminim1.flixcart.com/image/200/200/k0plpjk0/remote-control-toy/9/g/k/4-function-remote-control-high-speed-big-racing-car-toy-funkey-original-imafkg33umd8dy93.jpeg?q=70,Remote Control Toys,Up to 80% Off,Buy Now!
"Beauty, Food, Toys &amp; more",https://rukminim1.flixcart.com/image/200/200/kz5vwy80/helmet/o/4/k/-original-imagb8azfdthjhqr.jpeg?q=70,Rider Helmets,From 699,"Vega, Steelbird, HRX and More"
"Beauty, Food, Toys &amp; more",https://rukminim1.flixcart.com/image/200/200/jlph9jk0/cycle/h/f/k/skyper-26t-sskp26bk0001-16-hero-original-imaf8ru5xysfgtmx.jpeg?q=70,Non-Geared Cycles,Up to 40% Off,"Hercules, Hero &amp; More"
"Beauty, Food, Toys &amp; more",https://rukminim1.flixcart.com/image/200/200/acoustic-guitar/e/y/y/dd-380c-blk-jixing-original-imaeff94e9tczafp.jpeg?q=70,String Instruments,Up to 70% Off,"Guitars, Ukuleles &amp; More"
"Beauty, Food, Toys &amp; more",https://rukminim1.flixcart.com/image/200/200/jk1grrk0/car-pressure-washer/j/c/m/06008a7af0-bosch-original-imaf7hd6bv8g3m6r.jpeg?q=70,Car pressure washer,Upto 65% Off,"Bosch, Black &amp; Decker &amp; More"
"Beauty, Food, Toys &amp; more",https://rukminim1.flixcart.com/image/200/200/l3uhvgw0/cycle/n/z/c/torro-26t-26-16-montra-72-21-gear-original-imagevzncygdd8ah.jpeg?q=70,City &amp; MTB Cycles,Up to 70% Off,"Montra, Firefox &amp; more"
"Holi Essentials, Curated for You",https://rukminim1.flixcart.com/image/200/200/kqpj4i80/slipper-flip-flop/c/a/v/8-ff-375gr-375bk-footup-multicolor-6-original-imag4nqku8yc5rnd.jpeg?q=70,Slippers &amp; Flip Flops,Min. 70% Off,
"Holi Essentials, Curated for You",https://rukminim1.flixcart.com/image/200/200/xif0q/kurta/a/k/u/l-mens-long-foil-printed-kurtas-mentific-original-imagk4mpqfw96e3h.jpeg?q=70,Men's Ethnic Sets,Min. 50% Off,
"Holi Essentials, Curated for You",https://rukminim1.flixcart.com/image/200/200/xif0q/ethnic-set/m/s/1/s-yellow-elephent-pinghaks-original-imagmdwyah8sgzdz.jpeg?q=70,Women's Ethnic Sets,Min. 50% Off,
"Holi Essentials, Curated for You",https://rukminim1.flixcart.com/image/200/200/juwzf680/sunglass/n/j/n/free-size-af-08-19-a-t-original-imaffyf2apzyhzgy.jpeg?q=70,Sunglasses,Min. 50% Off,
"Holi Essentials, Curated for You",https://rukminim1.flixcart.com/image/200/200/l5bd5zk0/dupatta/v/m/s/2-25-meters-szdpnb-112-silk-zone-original-imaggysbpwbbnkk9.jpeg?q=70,Women's Dupattas,Buy 1 get 45% off,
"Holi Essentials, Curated for You",https://rukminim1.flixcart.com/image/200/200/xif0q/sweet-mithai/c/n/4/400-agra-petha-agra-famous-petha-sweet-dry-agra-peda-winter-original-imagkcbnhzh2vvbk.jpeg?q=70,Sweets And Mixes,Min. 50% Off,
"Holi Essentials, Curated for You",https://rukminim1.flixcart.com/image/200/200/xif0q/lehenga-choli/j/e/6/free-sleeveless-new-designer-embroidred-sequins-heavy-work-original-imaggpy5gzt6m5hg.jpeg?q=70,Women's Lehenga Cholis,Buy 1 get 26% off,
"Holi Essentials, Curated for You",https://rukminim1.flixcart.com/image/200/200/xif0q/kurta/u/v/m/l-grey-106-yellow-freluro-original-imagc26vdpwxgztu-bb.jpeg?q=70,Men's Kurtas,Min. 50% Off,
"Holi Essentials, Curated for You",https://rukminim1.flixcart.com/image/200/200/xif0q/kids-shoe/f/o/w/-original-imaghugwhzzm6amn.jpeg?q=70,Ethnic Shoes,Min. 50% Off,
"Holi Essentials, Curated for You",https://rukminim1.flixcart.com/image/200/200/kngd0nk0/toran/j/x/p/multicolor-3-ft-0-narya-traditional-original-imag24q5muaynkne.jpeg?q=70,Toran,Min. 50% Off,
"Holi Essentials, Curated for You",https://rukminim1.flixcart.com/image/200/200/kyt0ya80/fmcg-combo/x/z/u/valentine-mug-with-chocolates-24-cadbury-original-imagayg7ngbjqgxz.jpeg?q=70,Festive Gift Boxes,Min. 50% Off,
"Holi Essentials, Curated for You",https://rukminim1.flixcart.com/image/200/200/kt7jv680/rangoli-stencil/r/h/k/ready-to-draw-rangoli-making-kit-rangoli-making-stencils-rangoli-original-imag6hvaczcxmrxg.jpeg?q=70,Rangoli Stencils,Min. 50% Off,
Shop for a Cool Summer,https://rukminim1.flixcart.com/image/200/200/xif0q/shopsy-slipper-flip-flop/k/d/e/7-sosu-375gr-375gry-sosu-green-grey-original-imaggf6fh2t6ugyd.jpeg?q=70,Slippers &amp; Flip Flops,Min. 70% Off,
Shop for a Cool Summer,https://rukminim1.flixcart.com/image/200/200/xif0q/bottle/u/g/p/1000-stainless-steel-2-1-litre-water-bottle-set-of-2-kimaya-original-imaggd3xcggqgseg.jpeg?q=70,Flasks,Min. 50% Off,
Shop for a Cool Summer,https://rukminim1.flixcart.com/image/200/200/l4a7pu80/mosquito-net/x/v/a/double-bed-machhardani-double-bed-size-6-5ft-x-200-6-5ft-x-145-original-imagf73brgggghtz.jpeg?q=70,Mosquito Nets,Min. 50% Off,
Shop for a Cool Summer,https://rukminim1.flixcart.com/image/200/200/kg9qbgw0/small-travel-bag/k/n/d/lightweight-60-l-luggage-travel-duffel-bag-with-2-wheels-purple-original-imafwjhfzcvyfqve.jpeg?q=70,Small Travel Bags,Min. 70% Off,
Shop for a Cool Summer,https://rukminim1.flixcart.com/image/200/200/jl8bzbk0/glass/c/c/w/stainless-steel-g4-12-limetro-original-imaf8a3zu5mnzfex.jpeg?q=70,Glasses,Min. 50% Off,
Shop for a Cool Summer,https://rukminim1.flixcart.com/image/200/200/ktbu6q80/night-suit/k/r/g/xl-half-sleeve-shirt-shorts-for-men-pb-brothers-original-imag6p7kkfr8gpbz.jpeg?q=70,Men's Night Suits,Min. 50% Off,
Shop for a Cool Summer,https://rukminim1.flixcart.com/image/200/200/xif0q/rucksack/n/y/t/-original-imagh3w9vcyusz5x.jpeg?q=70,Rucksacks,Min. 70% Off,
Shop for a Cool Summer,https://rukminim1.flixcart.com/image/200/200/knan98w0/jug/j/y/g/akira-copper-water-jug-1-25-liter-with-2-copper-glass-vpsk-original-imag2y7xh55afjkg.jpeg?q=70,Jugs,Min. 50% Off,
Shop for a Cool Summer,https://rukminim1.flixcart.com/image/200/200/xif0q/t-shirt/1/c/n/m-zi62nh-velvet-morning-zivame-original-imagg6j7tztnzrqx.jpeg?q=70,Women's T-shirts,Buy 2 get 10% off,
Shop for a Cool Summer,https://rukminim1.flixcart.com/image/200/200/kzx1a4w0/diwan-set/j/0/c/623-aashiyana-sajona-original-imagbtzxhznhjzzy.jpeg?q=70,Diwan Sets,Min. 50% Off,
Shop for a Cool Summer,https://rukminim1.flixcart.com/image/200/200/xif0q/hose-connector/b/q/b/1-2-brass-nozzle-water-spray-gun-hose-nozzles-pipe-for-gardening-original-imaghbm9jgx9vgxh.jpeg?q=70,Garden Sprayers,Min. 50% Off,
Shop for a Cool Summer,https://rukminim1.flixcart.com/image/200/200/k612pow0/fan/n/7/z/waprime-tower-fan-0-ibell-original-imafzkysjhxtw9r6.jpeg?q=70,Fans,Min. 50% Off,
